{"name":"f8fa587f-0349-49dd-84b1-c9022f61caf7","id":"/providers/Microsoft.Flow/flows/f8fa587f-0349-49dd-84b1-c9022f61caf7","type":"Microsoft.Flow/flows","properties":{"apiId":"/providers/Microsoft.PowerApps/apis/shared_logicflows","displayName":"When Outlook e-mail is flagged, add to To-Do","definition":{"metadata":{"workflowEntityId":null,"creator":{"id":"b076e19e-2637-451c-aa97-d46732eb049e","type":"User","tenantId":"c9e8e454-ead6-40c6-bc93-5b83567d5e1a"},"provisioningMethod":"FromDefinition","failureAlertSubscription":true,"clientLastModifiedTime":"2019-02-04T18:09:10.6847963Z"},"$schema":"https://schema.management.azure.com/providers/Microsoft.Logic/schemas/2016-06-01/workflowdefinition.json#","contentVersion":"1.0.0.0","parameters":{"$connections":{"defaultValue":{},"type":"Object"},"$authentication":{"defaultValue":{},"type":"SecureObject"}},"triggers":{"When_an_email_is_flagged":{"recurrence":{"interval":1,"frequency":"Minute"},"splitOn":"@triggerBody()?.value","metadata":{"flowSystemMetadata":{"swaggerOperationId":"OnFlaggedEmail"}},"type":"ApiConnection","inputs":{"host":{"connection":{"name":"@parameters('$connections')['shared_office365']['connectionId']"},"api":{"runtimeUrl":"https://flow-apim-msmanaged-na-westus2-01.azure-apim.net/apim/office365"}},"method":"get","path":"/Mail/OnFlaggedEmail","queries":{"folderPath":"Inbox","importance":"Any"},"authentication":"@parameters('$authentication')"}}},"actions":{"Add_a_to-do":{"runAfter":{"Switch":["Succeeded"]},"metadata":{"flowSystemMetadata":{"swaggerOperationId":"CreateToDo"}},"type":"ApiConnection","inputs":{"host":{"connection":{"name":"@parameters('$connections')['shared_todo']['connectionId']"},"api":{"runtimeUrl":"https://flow-apim-msmanaged-na-northcentralus-01.azure-apim.net/apim/todo"}},"method":"post","body":{"Subject":"@{triggerBody()?['Subject']} - @{triggerBody()?['From']}","DueDateTime":{"DateTime":"@{addDays(utcNow(),variables('DueDays'))}","TimeZone":"UTC"},"ReminderDateTime":{"DateTime":"@{addDays(utcNow(),sub(variables('DueDays'),1))}","TimeZone":"UTC"},"StartDateTime":{"DateTime":"@{utcNow()}","TimeZone":"UTC"},"Importance":"@{triggerBody()?['Importance']}","Status":"InProgress","Body":{"Content":" @{triggerBody()?['Body']}\n","ContentType":"HTML"},"Categories":["Outlook Email Tasks"],"IsReminderOn":true},"path":"/tasks","queries":{"folderId":"AAMkADE2MTZjNWRiLTgwZDgtNDk2ZC1iZDVmLWI0NDJkNWZlN2JiYQAuAAAAAACkAugXrEHaRZ1t9MSMF56LAQAkWAbU_7C_R7OYANFyek6nAAAAAAESAAA="},"authentication":"@parameters('$authentication')"}},"Switch":{"runAfter":{"Initialize_variable_2":["Succeeded"]},"cases":{"Case":{"case":2,"actions":{"Set_variable":{"runAfter":{},"type":"SetVariable","inputs":{"name":"DueDays","value":1}}}},"Case_2":{"case":1,"actions":{"Set_variable_2":{"runAfter":{},"type":"SetVariable","inputs":{"name":"DueDays","value":3}}}},"Case_3":{"case":0,"actions":{"Set_variable_3":{"runAfter":{},"type":"SetVariable","inputs":{"name":"DueDays","value":5}}}}},"default":{"actions":{"Set_variable_4":{"runAfter":{},"type":"SetVariable","inputs":{"name":"DueDays","value":7}}}},"expression":"@triggerBody()?['Importance']","type":"Switch"},"Initialize_variable_2":{"runAfter":{},"type":"InitializeVariable","inputs":{"variables":[{"name":"DueDays","type":"Integer"}]}}},"outputs":{}},"connectionReferences":{"shared_todo":{"connectionName":"shared-todo-c4ee125b-d15a-418b-8391-431f4e671469","source":"Embedded","id":"/providers/Microsoft.PowerApps/apis/shared_todo","tier":"NotSpecified"},"shared_office365":{"connectionName":"shared-office365-2a206398-3544-49aa-9c52-ef0dea4f91c5","source":"Embedded","id":"/providers/Microsoft.PowerApps/apis/shared_office365","tier":"NotSpecified"}},"flowFailureAlertSubscribed":false}}